session,amplitude,location,response_location,reaction_time
1,3.12,0,0,0.539
1,3.12,2,2,0.5421
1,3.12,15,15,0.4344
1,3.12,0,0,0.2732
1,3.12,2,2,0.4522
1,3.12,0,0,0.4447
1,3.12,0,0,0.3462
1,3.12,0,0,0.5767
1,3.12,1,1,0.6402
1,3.12,15,15,0.4482
1,3.12,0,2,0.4946
1,3.12,0,0,0.3842
1,3.12,1,1,0.5064
1,3.12,11,11,0.5199
1,3.12,0,0,0.4886
1,3.12,10,0,0.434
1,3.12,14,14,0.5382
1,3.12,0,0,0.5381
1,3.12,0,15,0.6185
1,3.12,0,0,0.361
2,3.12,0,10,0.6162
2,3.12,1,1,0.4702
2,3.12,11,11,0.4853
2,3.12,0,0,0.5223
2,3.12,11,11,0.4716
2,3.12,1,1,0.4715
2,3.12,0,0,0.5379
2,3.12,15,15,0.4882
2,3.12,10,10,0.8516
2,3.12,0,0,0.6251
2,3.12,11,11,0.4904
2,3.12,2,0,0.4737
2,3.12,0,0,0.5312
2,3.12,0,0,0.4822
2,3.12,11,11,0.4826
2,3.12,0,0,0.3722
2,3.12,9,9,0.584
2,3.12,15,11,0.7878
2,3.12,15,0,0.4899
2,3.12,0,0,0.5676
3,3.12,0,1,0.5639
3,3.12,0,0,0.3443
3,3.12,0,0,0.5459
3,3.12,0,0,0.7339
3,3.12,2,2,0.5183
3,3.12,2,2,0.4704
3,3.12,15,9,2.3635
3,3.12,2,2,0.5073
3,3.12,0,1,0.5102
3,3.12,2,0,0.7694
3,3.12,0,0,0.3665
3,3.12,2,2,0.5285
3,3.12,0,0,0.3653
3,3.12,9,9,0.5195
3,3.12,15,15,0.4376
3,3.12,0,0,0.3412
3,3.12,0,0,0.3022
3,3.12,14,14,0.4984
3,3.12,2,0,0.3327
3,3.12,0,0,0.3504
4,3.12,10,10,0.5659
4,3.12,14,14,0.5284
4,3.12,9,0,0.5185
4,3.12,9,0,0.6778
4,3.12,0,0,0.5929
4,3.12,0,0,0.6862
4,3.12,14,14,0.5764
4,3.12,2,2,0.6202
4,3.12,0,0,0.5858
4,3.12,0,0,0.4363
4,3.12,10,10,0.64
4,3.12,11,11,0.5396
4,3.12,10,10,0.6763
4,3.12,0,14,0.7421
4,3.12,0,0,0.3779
4,3.12,0,0,0.6059
4,3.12,15,0,0.3804
4,3.12,9,0,0.5623
4,3.12,14,14,0.4698
4,3.12,9,9,0.4976
1,3.12,14,14,0.6873
1,3.12,15,15,0.3887
1,3.12,1,1,0.418
1,3.12,0,0,0.3224
1,3.12,0,15,0.6549
1,3.12,11,11,0.4626
1,3.12,9,0,0.6302
1,3.12,1,1,0.434
1,3.12,0,0,0.6348
1,3.12,0,0,0.4122
1,3.12,11,11,0.4878
1,3.12,9,9,0.5197
1,3.12,0,0,0.5409
1,3.12,2,2,0.5159
1,3.12,11,11,0.4312
1,3.12,0,0,0.3566
1,3.12,1,1,0.4543
1,3.12,0,0,0.3859
1,3.12,0,0,0.4137
1,3.12,0,0,0.4569
2,3.12,15,15,0.4597
2,3.12,2,2,0.5573
2,3.12,0,0,0.4681
2,3.12,0,0,0.4316
2,3.12,11,11,0.5417
2,3.12,10,10,0.68
2,3.12,9,9,0.5895
2,3.12,15,15,0.5503
2,3.12,0,0,0.468
2,3.12,9,0,0.3831
2,3.12,11,11,0.4661
2,3.12,1,1,0.4118
2,3.12,0,0,0.3739
2,3.12,14,14,0.5418
2,3.12,1,1,0.4361
2,3.12,2,2,0.5672
2,3.12,1,1,0.438
2,3.12,10,10,0.4521
2,3.12,10,0,0.7384
2,3.12,10,10,0.5059
3,3.12,2,2,0.4737
3,3.12,0,0,0.4283
3,3.12,15,15,0.4823
3,3.12,0,0,0.3806
3,3.12,0,0,0.3185
3,3.12,2,2,0.4667
3,3.12,11,11,0.5297
3,3.12,0,0,0.3058
3,3.12,0,0,0.2811
3,3.12,14,14,0.5265
3,3.12,2,2,0.4467
3,3.12,9,0,0.336
3,3.12,14,14,0.4902
3,3.12,9,9,0.3977
3,3.12,0,0,0.3318
3,3.12,14,14,0.4821
3,3.12,0,0,0.3729
3,3.12,0,0,0.5545
3,3.12,15,15,0.5166
3,3.12,0,0,0.8493
4,3.12,11,11,0.4521
4,3.12,0,0,0.3539
4,3.12,10,10,0.5812
4,3.12,2,2,0.4408
4,3.12,2,0,0.5494
4,3.12,0,0,0.3285
4,3.12,0,0,0.4963
4,3.12,0,0,0.3642
4,3.12,10,10,0.6363
4,3.12,0,0,0.6178
4,3.12,9,9,0.6303
4,3.12,2,2,0.4974
4,3.12,0,0,0.4118
4,3.12,9,9,0.5487
4,3.12,15,15,0.5037
4,3.12,15,15,0.4681
4,3.12,2,2,0.5518
4,3.12,0,0,0.3378
4,3.12,0,0,0.3066
4,3.12,14,14,0.4782
1,3.12,2,2,0.7669
1,3.12,14,14,0.4564
1,3.12,14,14,0.5092
1,3.12,0,0,0.4465
1,3.12,0,0,0.6803
1,3.12,0,0,0.3439
1,3.12,2,2,0.5225
1,3.12,0,0,0.5101
1,3.12,0,0,0.5082
1,3.12,0,0,0.3006
1,3.12,0,0,0.6395
1,3.12,0,0,0.4891
1,3.12,15,15,0.4824
1,3.12,9,9,0.4771
1,3.12,0,0,0.43
1,3.12,14,14,0.5106
1,3.12,15,0,0.456
1,3.12,11,11,0.4927
1,3.12,15,15,0.5361
1,3.12,0,0,0.4983
2,3.12,0,11,0.56
2,3.12,2,0,0.5518
2,3.12,1,1,0.4987
2,3.12,14,14,0.4416
2,3.12,0,0,0.5818
2,3.12,0,0,0.4684
2,3.12,10,10,0.3977
2,3.12,0,0,0.3424
2,3.12,1,1,0.3974
2,3.12,0,0,0.3166
2,3.12,10,10,0.494
2,3.12,0,0,0.6157
2,3.12,2,2,0.4765
2,3.12,9,0,0.5096
2,3.12,11,11,0.4636
2,3.12,0,0,0.3795
2,3.12,0,0,0.3485
2,3.12,0,0,0.3654
2,3.12,1,1,0.4977
2,3.12,14,14,0.4657
3,3.12,0,0,0.5903
3,3.12,15,15,0.7401
3,3.12,9,9,0.6545
3,3.12,0,0,0.3196
3,3.12,0,0,0.3281
3,3.12,0,0,0.3237
3,3.12,15,15,0.7978
3,3.12,0,0,0.3285
3,3.12,1,1,0.5778
3,3.12,0,0,0.3716
3,3.12,15,15,0.4518
3,3.12,2,2,0.4996
3,3.12,0,0,0.4324
3,3.12,0,0,0.3199
3,3.12,9,0,0.3937
3,3.12,0,0,0.4945
3,3.12,2,2,0.6021
3,3.12,0,0,0.3766
3,3.12,0,0,0.5544
3,3.12,14,14,0.4991
4,3.12,0,0,0.4159
4,3.12,10,10,0.4861
4,3.12,0,10,0.6265
4,3.12,11,11,0.5018
4,3.12,0,0,0.3224
4,3.12,0,0,0.3261
4,3.12,0,0,0.5443
4,3.12,11,11,0.5185
4,3.12,10,10,0.625
4,3.12,2,0,0.3486
4,3.12,0,0,0.5021
4,3.12,14,14,0.4676
4,3.12,10,10,0.5755
4,3.12,11,11,0.3669
4,3.12,14,14,0.5743
4,3.12,9,9,0.4782
4,3.12,0,0,0.3647
4,3.12,0,0,0.3485
4,3.12,9,9,0.4561
4,3.12,0,0,0.3342
1,3.12,0,0,0.6281
1,3.12,2,2,0.4944
1,3.12,10,0,0.5381
1,3.12,0,11,0.5998
1,3.12,0,0,0.3209
1,3.12,0,0,0.3347
1,3.12,0,0,0.5743
1,3.12,0,0,0.3045
1,3.12,9,9,0.6105
1,3.12,0,0,0.3659
1,3.12,0,0,0.3558
1,3.12,0,0,0.2405
1,3.12,1,1,0.4824
1,3.12,0,0,0.2681
1,3.12,11,11,0.4623
1,3.12,10,10,0.4539
1,3.12,9,0,0.5084
1,3.12,0,0,0.4648
1,3.12,9,9,0.4622
1,3.12,15,15,0.4308
2,3.12,14,14,0.424
2,3.12,0,14,0.5733
2,3.12,10,14,0.748
2,3.12,11,11,0.4698
2,3.12,1,1,0.3717
2,3.12,2,2,0.5115
2,3.12,0,0,0.3881
2,3.12,0,0,0.43
2,3.12,2,2,0.5797
2,3.12,0,0,0.4641
2,3.12,9,9,0.5541
2,3.12,0,0,0.4947
2,3.12,11,11,0.4695
2,3.12,1,1,0.446
2,3.12,9,9,0.4957
2,3.12,11,11,0.4279
2,3.12,0,0,0.4272
2,3.12,2,2,0.6458
2,3.12,0,0,0.5623
2,3.12,15,15,0.408
3,3.12,0,0,0.3964
3,3.12,15,15,0.5972
3,3.12,11,0,0.5979
3,3.12,2,2,0.486
3,3.12,11,11,0.5385
3,3.12,0,0,0.3466
3,3.12,10,0,0.3318
3,3.12,0,0,0.2807
3,3.12,2,0,0.5305
3,3.12,0,0,0.6285
3,3.12,1,1,0.5257
3,3.12,0,0,0.4159
3,3.12,10,10,0.4723
3,3.12,0,0,0.5578
3,3.12,0,1,0.6158
3,3.12,11,0,0.5795
3,3.12,10,10,0.5645
3,3.12,0,0,0.3644
3,3.12,0,0,0.3782
3,3.12,0,0,0.6101
4,3.12,11,11,0.4258
4,3.12,0,0,0.4007
4,3.12,0,0,0.392
4,3.12,0,0,0.8268
4,3.12,0,0,0.3531
4,3.12,14,14,0.4331
4,3.12,0,0,0.3989
4,3.12,0,0,0.3368
4,3.12,10,10,0.4906
4,3.12,15,15,0.5164
4,3.12,9,9,0.8662
4,3.12,10,10,0.4387
4,3.12,0,0,0.3389
4,3.12,2,2,0.4728
4,3.12,0,0,0.824
4,3.12,0,0,0.3287
4,3.12,15,15,0.5484
4,3.12,0,0,0.3494
4,3.12,15,0,0.4469
4,3.12,9,9,0.6065
1,3.12,9,9,0.5083
1,3.12,2,2,0.4824
1,3.12,0,9,0.5748
1,3.12,0,0,0.4921
1,3.12,14,14,0.523
1,3.12,0,0,0.4209
1,3.12,10,10,0.4977
1,3.12,11,11,0.4542
1,3.12,11,11,0.5225
1,3.12,15,15,0.5084
1,3.12,0,0,0.5881
1,3.12,0,0,0.5381
1,3.12,10,10,0.5181
1,3.12,0,0,0.3229
1,3.12,0,0,0.3018
1,3.12,10,10,0.523
1,3.12,10,10,0.4348
1,3.12,1,1,0.4189
1,3.12,11,11,0.462
1,3.12,11,11,0.4505
2,3.12,15,15,0.4743
2,3.12,14,14,0.4446
2,3.12,1,1,0.4479
2,3.12,15,15,0.4744
2,3.12,0,0,0.3815
2,3.12,0,0,0.4679
2,3.12,9,9,0.552
2,3.12,0,0,0.3238
2,3.12,0,0,0.3344
2,3.12,0,0,0.3934
2,3.12,11,12,0.5319
2,3.12,0,14,0.4782
2,3.12,0,11,0.8875
2,3.12,14,14,0.4502
2,3.12,11,11,0.4355
2,3.12,0,0,0.494
2,3.12,0,0,0.4464
2,3.12,0,0,0.4914
2,3.12,14,14,0.5315
2,3.12,10,10,0.5584
3,3.12,11,11,0.4545
3,3.12,0,0,0.5385
3,3.12,14,14,0.5277
3,3.12,15,15,0.462
3,3.12,0,0,0.4119
3,3.12,0,0,0.3438
3,3.12,14,14,0.4525
3,3.12,10,0,0.5363
3,3.12,0,0,0.5141
3,3.12,0,0,0.3364
3,3.12,0,14,0.5842
3,3.12,0,0,0.2966
3,3.12,10,10,0.6416
3,3.12,0,14,0.6875
3,3.12,0,0,0.3423
3,3.12,0,0,0.3869
3,3.12,11,11,0.8124
3,3.12,11,11,0.4604
3,3.12,11,11,0.368
3,3.12,14,14,0.4382
4,3.12,1,1,0.4146
4,3.12,1,1,0.4125
4,3.12,0,0,0.5403
4,3.12,1,1,0.4681
4,3.12,1,1,0.4708
4,3.12,15,15,0.5386
4,3.12,11,11,0.4673
4,3.12,11,11,0.4765
4,3.12,0,0,0.4607
4,3.12,15,15,0.4669
4,3.12,0,0,0.838
4,3.12,0,0,0.5759
4,3.12,0,0,0.4319
4,3.12,0,0,0.6143
4,3.12,15,15,0.4919
4,3.12,11,11,0.3807
4,3.12,0,0,0.3767
4,3.12,11,11,0.4601
4,3.12,0,0,0.2826
4,3.12,0,9,0.4919
1,3.12,0,0,0.4505
1,3.12,11,11,0.5309
1,3.12,14,14,0.4224
1,3.12,0,14,0.5161
1,3.12,11,11,0.3798
1,3.12,15,15,0.4964
1,3.12,0,0,0.6423
1,3.12,0,14,0.5968
1,3.12,0,0,0.5199
1,3.12,0,0,0.2268
1,3.12,9,9,0.4947
1,3.12,1,1,0.4077
1,3.12,0,0,0.2466
1,3.12,0,0,0.4586
1,3.12,11,11,0.4492
1,3.12,0,0,0.3709
1,3.12,0,0,0.4456
1,3.12,11,11,0.4261
1,3.12,0,0,0.3827
1,3.12,15,0,0.6915
2,3.12,0,0,0.4543
2,3.12,15,15,0.6761
2,3.12,0,14,0.5093
2,3.12,15,15,0.3891
2,3.12,0,0,0.3917
2,3.12,9,0,0.3321
2,3.12,15,15,0.4506
2,3.12,1,0,0.3792
2,3.12,2,2,0.501
2,3.12,0,0,0.4162
2,3.12,15,15,0.4836
2,3.12,0,0,0.3381
2,3.12,0,0,0.2994
2,3.12,0,0,0.3176
2,3.12,0,0,0.2921
2,3.12,2,2,0.4738
2,3.12,14,14,0.4677
2,3.12,0,0,0.3179
2,3.12,0,0,0.2508
2,3.12,0,15,0.6245
3,3.12,11,11,0.404
3,3.12,9,9,0.5398
3,3.12,0,0,0.2784
3,3.12,0,0,0.3207
3,3.12,14,14,0.4104
3,3.12,1,1,0.6441
3,3.12,15,15,0.5707
3,3.12,1,1,0.5028
3,3.12,2,2,0.5594
3,3.12,15,15,0.4618
3,3.12,10,0,0.5966
3,3.12,0,0,0.5081
3,3.12,14,14,0.4949
3,3.12,14,14,0.538
3,3.12,10,10,0.4878
3,3.12,9,9,0.484
3,3.12,14,14,0.4182
3,3.12,1,1,0.4057
3,3.12,0,0,0.6607
3,3.12,10,0,0.678
4,3.12,10,10,0.4374
4,3.12,0,0,0.3664
4,3.12,0,0,0.5558
4,3.12,0,0,0.3105
4,3.12,0,0,0.3585
4,3.12,2,2,0.5044
4,3.12,0,0,0.6218
4,3.12,10,10,0.5244
4,3.12,0,0,0.3024
4,3.12,10,0,0.2924
4,3.12,14,14,0.5046
4,3.12,1,1,0.4541
4,3.12,0,0,0.559
4,3.12,9,9,0.7345
4,3.12,0,0,0.3839
4,3.12,15,15,0.4586
4,3.12,1,1,0.4624
4,3.12,0,0,0.4709
4,3.12,15,15,0.5083
4,3.12,10,10,0.6586
1,3.12,14,14,0.4664
1,3.12,0,0,0.3462
1,3.12,0,0,0.3364
1,3.12,0,0,0.3967
1,3.12,0,0,0.3028
1,3.12,0,0,0.3612
1,3.12,0,0,0.3523
1,3.12,14,14,0.5204
1,3.12,1,1,0.5447
1,3.12,0,0,0.6344
1,3.12,0,0,0.3037
1,3.12,0,11,0.862
1,3.12,0,0,0.3527
1,3.12,0,0,0.2984
1,3.12,0,0,0.2504
1,3.12,0,0,0.2907
1,3.12,0,0,0.3427
1,3.12,14,14,0.5717
1,3.12,10,0,0.3225
1,3.12,9,9,0.5624
2,3.12,2,2,0.373
2,3.12,0,0,0.3124
2,3.12,0,0,0.2659
2,3.12,0,0,0.2723
2,3.12,0,0,0.3087
2,3.12,0,0,0.3246
2,3.12,0,0,0.2538
2,3.12,0,0,0.2898
2,3.12,0,0,0.2417
2,3.12,0,0,0.2663
2,3.12,11,11,0.6135
2,3.12,15,15,0.3943
2,3.12,1,1,0.4444
2,3.12,0,0,0.4824
2,3.12,0,0,0.2904
2,3.12,0,0,0.2889
2,3.12,15,15,0.5048
2,3.12,9,9,0.4921
2,3.12,0,0,0.2955
2,3.12,0,0,0.2618
3,3.12,0,0,0.3629
3,3.12,2,0,0.3241
3,3.12,1,1,0.3619
3,3.12,14,14,0.4439
3,3.12,9,0,0.3919
3,3.12,15,15,0.5102
3,3.12,14,14,0.414
3,3.12,0,0,0.6145
3,3.12,0,0,0.4044
3,3.12,0,0,0.604
3,3.12,9,9,0.5564
3,3.12,0,0,0.3723
3,3.12,0,0,0.5262
3,3.12,15,15,0.4799
3,3.12,11,11,0.4739
3,3.12,10,10,0.5458
3,3.12,0,0,0.4504
3,3.12,14,14,0.5044
3,3.12,9,9,0.4326
3,3.12,1,1,0.4273
4,3.12,0,0,0.3488
4,3.12,11,0,0.4122
4,3.12,0,0,0.4176
4,3.12,10,10,0.4944
4,3.12,2,2,0.4359
4,3.12,11,11,0.5052
4,3.12,11,11,0.4729
4,3.12,0,0,0.4808
4,3.12,0,0,0.2705
4,3.12,0,0,0.5041
4,3.12,0,0,0.3541
4,3.12,0,0,0.3907
4,3.12,0,0,0.4043
4,3.12,9,9,0.484
4,3.12,2,2,0.4908
4,3.12,0,0,0.4386
4,3.12,0,0,0.2828
4,3.12,11,0,0.4423
4,3.12,9,9,0.5819
4,3.12,0,0,0.7103
1,3.12,0,0,0.4642
1,3.12,9,9,0.7864
1,3.12,11,11,0.4562
1,3.12,0,0,0.3464
1,3.12,15,15,0.5198
1,3.12,0,0,0.3841
1,3.12,14,14,0.4614
1,3.12,0,0,0.3763
1,3.12,1,1,0.4444
1,3.12,1,1,0.3977
1,3.12,0,0,0.6004
1,3.12,11,11,0.4427
1,3.12,0,0,0.2899
1,3.12,11,11,0.4283
1,3.12,0,0,0.3
1,3.12,0,0,0.488
1,3.12,0,0,0.3547
1,3.12,0,0,0.3666
1,3.12,2,2,0.5481
1,3.12,14,14,0.4189
2,3.12,0,0,0.4896
2,3.12,2,2,0.4443
2,3.12,0,0,0.3087
2,3.12,0,15,0.8373
2,3.12,14,14,0.4776
2,3.12,9,9,0.5209
2,3.12,0,0,0.2938
2,3.12,0,0,0.2822
2,3.12,1,1,0.5138
2,3.12,15,15,0.5038
2,3.12,1,1,0.4242
2,3.12,0,0,0.2443
2,3.12,0,0,0.2758
2,3.12,0,0,0.2781
2,3.12,10,10,0.7079
2,3.12,15,15,0.4072
2,3.12,0,0,0.5607
2,3.12,0,11,1.1175
2,3.12,10,10,0.4957
2,3.12,9,9,0.4567
3,3.12,0,0,0.5275
3,3.12,0,0,0.4504
3,3.12,0,15,0.4147
3,3.12,1,1,0.4241
3,3.12,11,11,0.5204
3,3.12,0,0,0.4335
3,3.12,9,9,0.3841
3,3.12,0,0,0.2558
3,3.12,0,0,0.488
3,3.12,2,2,0.4299
3,3.12,0,0,0.6101
3,3.12,15,15,0.4028
3,3.12,0,14,0.6199
3,3.12,0,9,0.6965
3,3.12,0,0,0.4475
3,3.12,0,0,0.3757
3,3.12,0,0,0.3504
3,3.12,0,0,0.3316
3,3.12,0,0,0.3517
3,3.12,11,0,0.2984
4,3.12,0,0,0.4345
4,3.12,0,0,0.3197
4,3.12,1,1,0.5158
4,3.12,0,0,0.3491
4,3.12,0,0,0.3522
4,3.12,0,0,0.2931
4,3.12,0,0,0.338
4,3.12,0,0,0.3053
4,3.12,2,2,0.514
4,3.12,0,0,0.2901
4,3.12,11,11,0.6726
4,3.12,10,10,0.4891
4,3.12,0,0,0.3227
4,3.12,11,11,0.5598
4,3.12,0,0,0.5322
4,3.12,0,0,0.5154
4,3.12,1,1,0.4878
4,3.12,14,14,0.5539
4,3.12,10,10,0.4306
4,3.12,0,0,0.294
1,3.12,15,15,0.6079
1,3.12,2,2,0.4704
1,3.12,10,10,0.4706
1,3.12,0,11,0.5085
1,3.12,15,15,0.5125
1,3.12,0,0,0.3843
1,3.12,9,9,0.5159
1,3.12,1,1,0.4268
1,3.12,0,0,0.4482
1,3.12,11,11,0.4825
1,3.12,1,1,0.2801
1,3.12,0,9,0.5783
1,3.12,2,2,0.4449
1,3.12,0,0,0.3106
1,3.12,0,0,0.4092
1,3.12,0,0,0.3285
1,3.12,10,0,0.5182
1,3.12,10,10,0.4468
1,3.12,14,0,0.5048
1,3.12,15,15,0.4963
2,3.12,0,0,0.6112
2,3.12,14,14,0.5745
2,3.12,0,0,0.4341
2,3.12,0,0,0.7046
2,3.12,14,14,0.4848
2,3.12,0,0,0.3828
2,3.12,2,2,0.532
2,3.12,0,0,0.3339
2,3.12,0,14,0.6145
2,3.12,11,0,0.532
2,3.12,10,10,0.5264
2,3.12,0,0,0.5022
2,3.12,2,2,0.4903
2,3.12,14,14,0.5107
2,3.12,15,15,0.5043
2,3.12,2,2,0.4764
2,3.12,0,0,0.5081
2,3.12,11,11,0.4839
2,3.12,2,2,0.5186
2,3.12,15,15,0.6237
3,3.12,0,0,0.4824
3,3.12,10,10,0.704
3,3.12,11,11,0.5226
3,3.12,1,1,0.4798
3,3.12,10,0,0.3804
3,3.12,0,0,0.324
3,3.12,11,0,0.4037
3,3.12,0,0,0.3337
3,3.12,9,9,0.5923
3,3.12,2,2,0.5366
3,3.12,0,0,0.479
3,3.12,0,0,0.3019
3,3.12,0,0,0.3776
3,3.12,0,0,0.3112
3,3.12,15,15,0.5102
3,3.12,14,14,0.5302
3,3.12,0,0,0.3365
3,3.12,0,0,0.2686
3,3.12,0,0,0.2963
3,3.12,0,0,0.5185
4,3.12,9,9,0.6304
4,3.12,0,0,0.4027
4,3.12,2,2,0.4521
4,3.12,2,2,0.4665
4,3.12,15,15,0.7742
4,3.12,9,9,0.7164
4,3.12,0,0,0.3367
4,3.12,0,0,0.4624
4,3.12,14,14,0.5244
4,3.12,0,0,0.5524
4,3.12,0,0,0.3185
4,3.12,0,0,0.8669
4,3.12,11,11,0.4385
4,3.12,15,15,0.525
4,3.12,0,0,0.3644
4,3.12,0,0,0.372
4,3.12,0,14,0.7197
4,3.12,0,0,0.9262
4,3.12,0,14,0.5349
4,3.12,0,9,0.4844
1,3.12,0,0,0.4741
1,3.12,0,0,0.6788
1,3.12,0,0,0.3342
1,3.12,0,9,0.5756
1,3.12,15,0,0.3263
1,3.12,14,14,0.8164
1,3.12,11,11,0.522
1,3.12,10,0,0.9253
1,3.12,15,15,0.5254
1,3.12,14,0,0.5199
1,3.12,10,10,0.4818
1,3.12,1,1,0.3807
1,3.12,0,0,0.4925
1,3.12,9,0,0.448
1,3.12,0,0,1.193
1,3.12,11,11,0.4463
1,3.12,0,0,0.4864
1,3.12,15,15,0.5164
1,3.12,0,14,0.4798
1,3.12,15,0,0.4833
2,3.12,0,0,0.6121
2,3.12,0,0,0.5282
2,3.12,0,0,0.2758
2,3.12,0,0,0.2285
2,3.12,14,14,0.3843
2,3.12,15,0,0.427
2,3.12,9,14,0.6861
2,3.12,0,0,0.2838
2,3.12,0,0,0.2667
2,3.12,11,11,0.4906
2,3.12,1,1,0.5299
2,3.12,0,14,0.6521
2,3.12,1,1,0.4476
2,3.12,15,0,0.3585
2,3.12,14,14,0.5219
2,3.12,0,0,0.3897
2,3.12,11,11,0.4403
2,3.12,10,10,0.5039
2,3.12,10,0,0.4077
2,3.12,15,15,0.5119
3,3.12,11,11,0.5682
3,3.12,0,0,0.2926
3,3.12,0,0,0.3184
3,3.12,11,11,0.4918
3,3.12,2,2,0.5123
3,3.12,0,11,0.7422
3,3.12,0,0,0.3944
3,3.12,0,0,0.298
3,3.12,0,0,0.4279
3,3.12,9,0,0.5152
3,3.12,15,15,0.5102
3,3.12,0,0,0.3868
3,3.12,10,10,0.3474
3,3.12,9,0,0.3526
3,3.12,10,10,0.4883
3,3.12,9,9,0.4931
3,3.12,0,0,0.3568
3,3.12,1,1,0.5927
3,3.12,0,0,0.3472
3,3.12,0,14,0.7604
4,3.12,11,0,0.3921
4,3.12,9,9,0.4663
4,3.12,0,0,0.3445
4,3.12,0,0,0.4059
4,3.12,14,14,0.4709
4,3.12,0,0,0.3096
4,3.12,14,14,0.5304
4,3.12,0,0,0.7397
4,3.12,11,0,0.4527
4,3.12,10,10,0.7983
4,3.12,0,0,0.2989
4,3.12,10,10,0.5085
4,3.12,0,0,0.33
4,3.12,0,0,0.2841
4,3.12,15,15,0.466
4,3.12,9,9,0.4487
4,3.12,0,0,0.2929
4,3.12,2,2,0.4844
4,3.12,9,0,0.4104
4,3.12,0,0,0.3005
5,3.12,10,10,0.553
5,3.12,0,0,0.6774
5,3.12,0,0,0.4192
5,3.12,14,14,0.5075
5,3.12,0,0,0.3435
5,3.12,0,0,0.3321
5,3.12,2,2,0.596
5,3.12,0,0,0.41
5,3.12,0,0,0.3399
5,3.12,9,9,0.4222
5,3.12,1,1,0.5344
5,3.12,0,0,0.3449
5,3.12,0,0,0.5641
5,3.12,0,0,0.4306
5,3.12,14,14,0.6782
5,3.12,15,15,0.7251
5,3.12,10,10,0.4878
5,3.12,0,0,0.4345
5,3.12,0,0,0.478
5,3.12,10,10,0.5667
6,3.12,1,1,0.462
6,3.12,0,0,0.3287
6,3.12,15,15,0.5087
6,3.12,0,0,0.3164
6,3.12,10,10,0.4774
6,3.12,0,0,0.4045
6,3.12,0,0,0.3684
6,3.12,0,14,0.7423
6,3.12,0,0,0.465
6,3.12,0,0,0.5299
6,3.12,15,15,0.3899
6,3.12,0,0,0.318
6,3.12,0,11,0.5309
6,3.12,0,0,0.4669
6,3.12,0,0,0.5058
6,3.12,2,2,0.4252
6,3.12,14,14,0.5729
6,3.12,11,11,0.4563
6,3.12,14,14,0.5106
6,3.12,15,15,0.4724
7,3.12,14,14,0.5745
7,3.12,0,0,0.4525
7,3.12,0,0,0.3192
7,3.12,0,0,0.2984
7,3.12,1,0,0.3089
7,3.12,0,0,0.3643
7,3.12,0,14,0.889
7,3.12,10,10,0.5029
7,3.12,0,0,0.5627
7,3.12,9,9,0.505
7,3.12,0,0,0.4128
7,3.12,11,11,0.555
7,3.12,2,2,0.3766
7,3.12,0,0,0.3672
7,3.12,10,10,0.498
7,3.12,14,14,0.4606
7,3.12,0,0,0.4632
7,3.12,1,1,0.5342
7,3.12,15,15,0.5566
7,3.12,0,0,0.4541
8,3.12,0,0,0.4426
8,3.12,2,2,0.4217
8,3.12,10,10,0.5088
8,3.12,0,0,0.5884
8,3.12,1,1,0.4306
8,3.12,15,15,0.4007
8,3.12,9,9,0.4383
8,3.12,0,0,0.3911
8,3.12,0,0,0.3006
8,3.12,9,0,0.2865
8,3.12,0,0,0.3562
8,3.12,0,0,0.2509
8,3.12,0,0,0.4049
8,3.12,0,0,0.2679
8,3.12,10,10,0.503
8,3.12,0,0,0.2708
8,3.12,0,0,0.29
8,3.12,11,11,0.4924
8,3.12,0,0,0.3505
8,3.12,0,0,0.3985
5,3.12,0,0,0.4904
5,3.12,14,14,0.4743
5,3.12,0,0,0.3698
5,3.12,10,10,0.5836
5,3.12,11,11,0.5446
5,3.12,0,0,0.4101
5,3.12,1,1,0.4389
5,3.12,0,0,0.4305
5,3.12,14,14,0.5469
5,3.12,0,0,0.4849
5,3.12,14,14,0.5714
5,3.12,0,0,0.3003
5,3.12,14,14,0.5066
5,3.12,0,14,0.9704
5,3.12,14,14,0.473
5,3.12,0,0,0.7704
5,3.12,0,0,0.5704
5,3.12,0,14,0.8556
5,3.12,0,0,0.5422
5,3.12,10,10,0.7306
6,3.12,0,0,0.5102
6,3.12,0,0,0.5784
6,3.12,15,15,0.4455
6,3.12,0,0,0.3849
6,3.12,2,2,0.7898
6,3.12,11,11,0.6287
6,3.12,15,15,0.4686
6,3.12,15,15,0.4672
6,3.12,0,0,0.6091
6,3.12,0,0,0.4824
6,3.12,0,0,0.3447
6,3.12,9,9,0.6206
6,3.12,0,0,0.3622
6,3.12,0,0,0.5406
6,3.12,2,2,0.5779
6,3.12,0,0,0.3446
6,3.12,2,2,0.4573
6,3.12,0,0,0.5133
6,3.12,0,0,0.4074
6,3.12,0,0,0.6929
7,3.12,0,0,0.451
7,3.12,10,10,0.5842
7,3.12,14,14,0.7229
7,3.12,11,11,0.5251
7,3.12,0,0,0.344
7,3.12,1,1,0.4982
7,3.12,0,0,0.4788
7,3.12,0,0,0.419
7,3.12,0,0,0.4539
7,3.12,0,0,0.4371
7,3.12,0,14,0.5881
7,3.12,1,1,0.4184
7,3.12,0,0,0.4106
7,3.12,0,0,0.3601
7,3.12,14,14,0.5704
7,3.12,9,9,0.4642
7,3.12,9,9,0.6058
7,3.12,0,0,0.81
7,3.12,14,14,0.5824
7,3.12,9,9,0.4305
8,3.12,0,0,0.3007
8,3.12,1,1,0.5155
8,3.12,0,0,0.4442
8,3.12,9,9,0.4518
8,3.12,0,0,0.3383
8,3.12,0,0,0.4726
8,3.12,0,14,0.9866
8,3.12,0,0,0.5771
8,3.12,0,0,0.4466
8,3.12,9,9,0.5842
8,3.12,0,0,0.3607
8,3.12,0,0,0.3187
8,3.12,0,0,0.3572
8,3.12,0,0,0.323
8,3.12,15,15,0.4964
8,3.12,1,1,0.4425
8,3.12,2,2,0.6041
8,3.12,0,0,0.4327
8,3.12,0,0,0.3799
8,3.12,9,14,0.6343
5,3.12,15,15,0.5041
5,3.12,0,0,0.497
5,3.12,14,0,0.6819
5,3.12,0,14,0.814
5,3.12,11,11,0.3314
5,3.12,0,0,0.64
5,3.12,0,14,0.9237
5,3.12,15,15,0.5361
5,3.12,15,15,0.3962
5,3.12,0,0,0.5322
5,3.12,0,0,0.6107
5,3.12,1,1,0.6883
5,3.12,2,2,0.5539
5,3.12,2,2,0.5204
5,3.12,0,0,0.429
5,3.12,10,10,0.8049
5,3.12,11,11,0.4724
5,3.12,14,14,0.876
5,3.12,0,11,0.6002
5,3.12,0,0,0.509
6,3.12,0,11,0.6379
6,3.12,0,0,0.582
6,3.12,0,0,0.3669
6,3.12,0,0,0.5005
6,3.12,0,0,0.5327
6,3.12,11,11,0.5108
6,3.12,0,0,0.4763
6,3.12,11,11,0.8061
6,3.12,0,0,0.8688
6,3.12,0,0,0.3838
6,3.12,0,0,0.5358
6,3.12,0,0,0.4383
6,3.12,0,14,0.6483
6,3.12,0,0,1.2447
6,3.12,0,14,0.5119
6,3.12,1,1,0.4579
6,3.12,14,14,0.5604
6,3.12,10,10,0.6198
6,3.12,0,0,0.363
6,3.12,15,15,0.4445
7,3.12,0,0,0.3365
7,3.12,0,0,0.7831
7,3.12,10,10,0.4713
7,3.12,10,10,0.496
7,3.12,0,0,0.3881
7,3.12,0,0,0.3497
7,3.12,0,0,0.422
7,3.12,9,9,0.6524
7,3.12,0,0,0.3624
7,3.12,15,15,0.517
7,3.12,15,15,0.4627
7,3.12,9,9,0.5047
7,3.12,0,0,0.3392
7,3.12,9,9,0.6308
7,3.12,14,14,0.4279
7,3.12,0,0,0.3376
7,3.12,0,0,0.3584
7,3.12,0,0,0.3745
7,3.12,1,1,0.4626
7,3.12,11,11,0.5146
8,3.12,0,0,0.3489
8,3.12,1,1,0.4106
8,3.12,10,10,0.429
8,3.12,0,0,0.3369
8,3.12,14,14,0.5119
8,3.12,0,0,0.3585
8,3.12,1,1,0.4643
8,3.12,0,0,0.359
8,3.12,0,0,0.3359
8,3.12,10,10,0.7124
8,3.12,1,1,0.3968
8,3.12,0,0,0.2888
8,3.12,2,2,0.4468
8,3.12,0,0,0.3347
8,3.12,0,0,0.3018
8,3.12,0,0,0.3386
8,3.12,0,0,0.3004
8,3.12,11,11,0.5411
8,3.12,0,0,0.3431
8,3.12,1,1,0.5549
5,3.12,10,10,0.5806
5,3.12,10,10,0.569
5,3.12,1,1,0.3811
5,3.12,0,0,0.3286
5,3.12,1,1,0.4484
5,3.12,0,0,0.697
5,3.12,15,0,0.5822
5,3.12,0,0,0.5805
5,3.12,14,14,0.6915
5,3.12,15,15,0.3965
5,3.12,0,0,0.3525
5,3.12,10,0,0.3908
5,3.12,0,0,0.5183
5,3.12,15,15,0.6404
5,3.12,14,14,0.5448
5,3.12,0,0,0.6669
5,3.12,0,0,0.4996
5,3.12,0,0,0.3826
5,3.12,14,14,0.662
5,3.12,0,0,0.3607
6,3.12,0,0,0.2783
6,3.12,0,0,0.3732
6,3.12,0,0,0.3424
6,3.12,11,14,0.6127
6,3.12,0,0,0.3381
6,3.12,0,0,0.4223
6,3.12,0,0,0.2409
6,3.12,0,0,0.4534
6,3.12,2,0,0.5171
6,3.12,0,0,0.4947
6,3.12,0,0,0.2686
6,3.12,0,0,0.4703
6,3.12,14,1,0.8071
6,3.12,2,2,0.5499
6,3.12,9,0,0.4745
6,3.12,0,0,0.245
6,3.12,0,11,0.5978
6,3.12,0,0,0.331
6,3.12,0,0,0.4118
6,3.12,2,2,0.3929
7,3.12,0,0,0.4365
7,3.12,0,0,0.6077
7,3.12,10,10,0.4493
7,3.12,14,14,0.5566
7,3.12,1,1,0.4625
7,3.12,14,14,0.4022
7,3.12,1,1,0.4001
7,3.12,2,0,0.4047
7,3.12,14,0,0.4765
7,3.12,15,15,0.4183
7,3.12,14,14,0.3361
7,3.12,0,0,0.3567
7,3.12,0,0,0.6879
7,3.12,10,10,0.4985
7,3.12,1,1,0.4683
7,3.12,11,11,0.5616
7,3.12,0,0,0.3842
7,3.12,11,11,0.483
7,3.12,0,0,0.3316
7,3.12,11,11,0.4785
8,3.12,0,0,0.3523
8,3.12,0,0,0.3665
8,3.12,0,0,0.3565
8,3.12,0,0,0.3649
8,3.12,0,0,0.281
8,3.12,2,2,0.4901
8,3.12,1,1,0.369
8,3.12,2,2,0.5051
8,3.12,11,11,0.4867
8,3.12,11,11,0.4843
8,3.12,0,0,0.313
8,3.12,14,14,0.4721
8,3.12,9,9,0.596
8,3.12,0,0,0.631
8,3.12,0,0,0.4284
8,3.12,0,0,0.7539
8,3.12,0,0,0.51
8,3.12,9,9,0.8224
8,3.12,0,0,0.3399
8,3.12,0,0,0.3848
5,3.12,0,0,0.369
5,3.12,0,0,0.399
5,3.12,9,0,0.2446
5,3.12,9,9,0.7047
5,3.12,0,0,0.4525
5,3.12,0,11,0.8184
5,3.12,0,0,0.4181
5,3.12,0,0,0.4443
5,3.12,10,10,0.5604
5,3.12,2,2,0.3972
5,3.12,0,0,0.2689
5,3.12,0,0,0.3697
5,3.12,0,0,0.3505
5,3.12,1,1,0.5708
5,3.12,0,9,0.6218
5,3.12,0,0,0.4742
5,3.12,0,0,0.4146
5,3.12,10,10,0.4964
5,3.12,0,0,0.3397
5,3.12,10,10,0.4666
6,3.12,0,0,0.2925
6,3.12,2,2,0.5342
6,3.12,0,1,0.392
6,3.12,0,0,0.4863
6,3.12,0,0,0.471
6,3.12,2,2,0.5664
6,3.12,0,0,0.3046
6,3.12,1,0,0.3284
6,3.12,0,15,0.5454
6,3.12,0,0,0.2848
6,3.12,11,11,0.5142
6,3.12,11,11,0.4921
6,3.12,0,0,0.3137
6,3.12,11,11,0.4525
6,3.12,11,11,0.5038
6,3.12,0,0,0.3269
6,3.12,2,2,0.542
6,3.12,15,15,0.3784
6,3.12,1,1,0.4845
6,3.12,0,0,0.3804
7,3.12,14,14,0.4048
7,3.12,0,0,0.3549
7,3.12,0,0,0.2887
7,3.12,14,14,0.6847
7,3.12,11,11,0.4572
7,3.12,11,11,0.5499
7,3.12,14,14,0.3989
7,3.12,0,0,0.4867
7,3.12,11,11,0.4757
7,3.12,0,0,0.3541
7,3.12,0,0,0.5329
7,3.12,0,0,0.2801
7,3.12,2,2,0.5304
7,3.12,1,1,0.4453
7,3.12,0,14,0.7855
7,3.12,0,0,0.3765
7,3.12,10,0,0.5347
7,3.12,1,0,0.8588
7,3.12,10,10,0.523
7,3.12,0,0,0.518
8,3.12,0,0,0.2567
8,3.12,0,9,0.6407
8,3.12,11,11,0.465
8,3.12,0,0,0.5251
8,3.12,0,0,0.3307
8,3.12,10,10,0.4426
8,3.12,10,14,0.8617
8,3.12,1,1,0.5459
8,3.12,11,11,0.4641
8,3.12,0,0,0.2871
8,3.12,0,0,0.267
8,3.12,9,9,0.4789
8,3.12,0,0,0.4118
8,3.12,10,0,0.3618
8,3.12,11,11,0.6108
8,3.12,9,9,0.5159
8,3.12,1,1,0.4805
8,3.12,11,11,0.6638
8,3.12,0,0,0.5726
8,3.12,0,0,0.4261
5,3.12,0,0,0.5101
5,3.12,14,0,0.4201
5,3.12,0,0,0.5046
5,3.12,11,11,0.4472
5,3.12,2,2,0.484
5,3.12,15,15,0.5587
5,3.12,2,2,0.5123
5,3.12,0,14,0.8965
5,3.12,0,0,0.3986
5,3.12,0,0,0.29
5,3.12,0,0,0.3607
5,3.12,10,10,0.6041
5,3.12,1,1,0.466
5,3.12,0,0,0.5043
5,3.12,0,0,0.5297
5,3.12,11,11,0.6797
5,3.12,0,0,0.453
5,3.12,0,0,0.3646
5,3.12,0,0,0.3025
5,3.12,9,9,0.5273
6,3.12,15,15,0.4245
6,3.12,11,11,0.5725
6,3.12,0,0,0.3948
6,3.12,15,15,0.4776
6,3.12,1,1,0.46
6,3.12,11,11,0.4782
6,3.12,14,0,0.427
6,3.12,0,0,0.2807
6,3.12,0,0,0.2823
6,3.12,0,0,0.3699
6,3.12,0,0,0.4643
6,3.12,0,0,0.4026
6,3.12,10,10,0.6
6,3.12,14,14,0.8966
6,3.12,2,0,0.9634
6,3.12,2,0,0.5102
6,3.12,0,0,0.3243
6,3.12,11,11,0.4859
6,3.12,0,0,0.2629
6,3.12,0,0,0.2607
7,3.12,0,0,0.6092
7,3.12,9,9,0.5319
7,3.12,0,0,0.4164
7,3.12,10,10,0.4549
7,3.12,0,0,0.3244
7,3.12,0,0,0.3738
7,3.12,10,10,0.4446
7,3.12,0,0,0.3409
7,3.12,0,0,0.5328
7,3.12,11,11,0.5201
7,3.12,14,14,0.6122
7,3.12,9,9,0.4179
7,3.12,14,14,0.4182
7,3.12,14,14,0.5306
7,3.12,14,14,0.4258
7,3.12,15,15,0.4669
7,3.12,0,0,0.3645
7,3.12,0,0,0.3913
7,3.12,14,14,0.5085
7,3.12,10,10,0.4374
8,3.12,0,0,0.4087
8,3.12,2,2,0.5437
8,3.12,1,1,0.405
8,3.12,15,15,0.466
8,3.12,0,0,0.3906
8,3.12,0,0,0.3829
8,3.12,9,9,0.4783
8,3.12,2,2,0.4009
8,3.12,14,14,0.638
8,3.12,15,15,0.4382
8,3.12,2,2,0.5642
8,3.12,0,0,0.654
8,3.12,14,14,0.3963
8,3.12,0,0,0.779
8,3.12,0,0,0.4386
8,3.12,0,0,0.3346
8,3.12,0,15,0.5628
8,3.12,9,9,0.5445
8,3.12,0,0,0.6549
8,3.12,0,0,0.6237
5,3.12,0,0,0.4708
5,3.12,1,1,0.4745
5,3.12,0,0,0.3602
5,3.12,9,9,0.6785
5,3.12,2,0,0.3248
5,3.12,9,9,0.5024
5,3.12,15,0,0.4445
5,3.12,0,0,0.6424
5,3.12,0,0,0.2906
5,3.12,0,0,0.331
5,3.12,0,0,0.4744
5,3.12,10,10,0.8127
5,3.12,15,15,0.4571
5,3.12,0,14,1.1301
5,3.12,2,2,0.5542
5,3.12,0,0,0.3228
5,3.12,10,10,0.72
5,3.12,10,10,0.4465
5,3.12,0,0,0.2848
5,3.12,1,1,0.4964
6,3.12,0,0,0.2579
6,3.12,2,2,0.5324
6,3.12,2,2,0.4684
6,3.12,10,10,0.6231
6,3.12,15,15,0.3638
6,3.12,0,0,0.4465
6,3.12,0,0,0.2827
6,3.12,14,14,0.5026
6,3.12,1,0,0.5527
6,3.12,0,0,0.5551
6,3.12,0,0,0.362
6,3.12,0,0,0.3808
6,3.12,14,14,0.4768
6,3.12,0,0,0.3545
6,3.12,0,0,0.382
6,3.12,0,0,0.2667
6,3.12,10,10,0.5692
6,3.12,0,0,0.301
6,3.12,15,15,0.4465
6,3.12,0,0,0.2772
7,3.12,9,9,0.5249
7,3.12,9,0,0.4788
7,3.12,14,14,0.3777
7,3.12,11,11,0.5022
7,3.12,0,0,0.3779
7,3.12,0,0,0.4483
7,3.12,1,1,0.4741
7,3.12,0,0,0.3598
7,3.12,0,0,0.2858
7,3.12,0,0,0.2784
7,3.12,0,0,0.2907
7,3.12,0,0,0.2623
7,3.12,0,10,0.5405
7,3.12,0,0,0.3404
7,3.12,2,2,0.4761
7,3.12,10,10,0.4825
7,3.12,0,14,0.6063
7,3.12,0,0,0.2962
7,3.12,15,15,0.4587
7,3.12,11,0,0.3267
8,3.12,0,14,0.5683
8,3.12,11,11,0.5228
8,3.12,0,0,0.4426
8,3.12,0,0,0.5424
8,3.12,0,0,0.3022
8,3.12,0,0,0.4008
8,3.12,0,0,0.2603
8,3.12,2,2,0.8335
8,3.12,1,1,0.4498
8,3.12,0,0,0.4828
8,3.12,0,0,0.5781
8,3.12,9,9,0.4604
8,3.12,0,0,0.3542
8,3.12,15,15,0.3484
8,3.12,0,0,0.4528
8,3.12,0,0,0.2986
8,3.12,15,15,0.6263
8,3.12,2,2,0.4518
8,3.12,0,0,0.2864
8,3.12,1,1,0.5102
5,3.12,15,0,0.5419
5,3.12,15,15,0.5246
5,3.12,0,0,0.61
5,3.12,11,11,0.5302
5,3.12,0,0,0.5148
5,3.12,10,15,0.6164
5,3.12,0,0,0.5086
5,3.12,9,9,0.6181
5,3.12,9,9,0.6985
5,3.12,0,0,0.4222
5,3.12,9,9,0.5882
5,3.12,0,0,0.6323
5,3.12,0,0,0.336
5,3.12,0,0,0.4622
5,3.12,11,11,0.5306
5,3.12,0,0,0.314
5,3.12,10,10,0.5824
5,3.12,14,14,0.5421
5,3.12,10,10,0.5282
5,3.12,15,15,0.3959
6,3.12,0,0,0.3604
6,3.12,0,0,0.6103
6,3.12,0,0,0.3018
6,3.12,0,0,0.308
6,3.12,2,2,0.501
6,3.12,10,10,0.3942
6,3.12,10,10,0.4417
6,3.12,2,2,0.5395
6,3.12,0,0,0.3843
6,3.12,9,0,0.4226
6,3.12,0,0,0.6188
6,3.12,10,0,0.326
6,3.12,1,0,0.3689
6,3.12,0,0,0.3384
6,3.12,0,14,0.8183
6,3.12,0,0,0.5662
6,3.12,0,0,0.3981
6,3.12,2,0,0.5146
6,3.12,9,9,0.6178
6,3.12,2,0,0.6084
7,3.12,15,15,0.4116
7,3.12,0,0,0.8825
7,3.12,0,0,0.3624
7,3.12,11,11,0.5268
7,3.12,15,0,0.5863
7,3.12,0,0,0.5024
7,3.12,0,0,0.345
7,3.12,0,0,0.3641
7,3.12,0,0,0.3804
7,3.12,0,0,0.2872
7,3.12,9,9,0.37
7,3.12,0,0,0.3887
7,3.12,15,15,0.5725
7,3.12,0,0,0.2784
7,3.12,0,0,0.2844
7,3.12,10,10,0.5565
7,3.12,0,0,0.3886
7,3.12,0,0,0.3082
7,3.12,0,0,0.2484
7,3.12,0,0,0.3129
8,3.12,0,0,0.3307
8,3.12,0,0,0.35
8,3.12,15,15,0.516
8,3.12,2,0,0.3902
8,3.12,14,0,0.3004
8,3.12,14,14,0.5704
8,3.12,0,0,0.448
8,3.12,1,1,0.4759
8,3.12,0,0,0.4539
8,3.12,0,0,0.3544
8,3.12,9,0,0.648
8,3.12,0,0,0.3721
8,3.12,0,0,0.392
8,3.12,15,15,0.6849
8,3.12,15,0,0.4628
8,3.12,0,9,0.6963
8,3.12,0,0,0.5805
8,3.12,15,15,0.479
8,3.12,0,0,0.3156
8,3.12,0,0,0.4166
5,3.12,10,10,0.4454
5,3.12,0,0,0.391
5,3.12,0,0,0.6909
5,3.12,11,11,0.4942
5,3.12,0,0,0.3808
5,3.12,9,9,0.4049
5,3.12,0,0,0.4347
5,3.12,1,1,0.4095
5,3.12,0,0,0.4804
5,3.12,0,0,0.3206
5,3.12,14,14,0.553
5,3.12,0,0,0.4749
5,3.12,0,0,0.289
5,3.12,9,9,0.6607
5,3.12,2,2,0.5316
5,3.12,10,0,0.4176
5,3.12,0,0,0.284
5,3.12,0,0,0.5927
5,3.12,0,0,0.4844
5,3.12,0,0,0.2946
6,3.12,10,10,0.4266
6,3.12,0,0,0.3065
6,3.12,0,0,0.4745
6,3.12,0,0,0.324
6,3.12,14,14,0.6501
6,3.12,0,0,0.2783
6,3.12,2,2,0.6084
6,3.12,1,0,0.3908
6,3.12,11,11,0.4688
6,3.12,2,2,0.6179
6,3.12,14,14,0.4721
6,3.12,10,10,0.4707
6,3.12,0,0,0.3722
6,3.12,0,0,0.2787
6,3.12,9,9,0.5743
6,3.12,9,9,0.4764
6,3.12,0,0,0.3687
6,3.12,0,0,0.6902
6,3.12,9,0,0.4008
6,3.12,10,0,0.36
7,3.12,2,2,0.4242
7,3.12,0,0,0.3508
7,3.12,0,0,0.3332
7,3.12,0,0,0.2981
7,3.12,11,11,0.5039
7,3.12,0,0,0.7102
7,3.12,0,0,0.3971
7,3.12,0,0,0.4425
7,3.12,0,0,0.2963
7,3.12,15,15,0.5004
7,3.12,14,14,0.5262
7,3.12,0,0,0.3385
7,3.12,15,14,0.5542
7,3.12,11,11,0.4827
7,3.12,0,0,0.396
7,3.12,0,0,0.525
7,3.12,0,0,0.2752
7,3.12,10,10,0.4827
7,3.12,10,10,0.5603
7,3.12,9,9,0.4341
8,3.12,0,2,0.6627
8,3.12,15,15,0.4489
8,3.12,0,0,0.6064
8,3.12,0,0,0.6044
8,3.12,0,0,0.2852
8,3.12,0,15,0.6802
8,3.12,0,0,0.6487
8,3.12,1,1,0.5612
8,3.12,14,0,0.3343
8,3.12,10,10,0.5093
8,3.12,10,10,0.5085
8,3.12,1,1,0.4389
8,3.12,0,0,0.3606
8,3.12,1,1,0.3839
8,3.12,9,0,0.3606
8,3.12,1,1,0.4879
8,3.12,0,0,0.4281
8,3.12,10,0,0.598
8,3.12,0,0,0.377
8,3.12,9,0,0.3683
5,3.12,0,14,0.6065
5,3.12,0,0,0.3916
5,3.12,0,0,0.3966
5,3.12,15,15,0.5784
5,3.12,1,1,0.5727
5,3.12,14,14,0.4873
5,3.12,14,14,0.4747
5,3.12,0,0,0.3322
5,3.12,9,9,0.4223
5,3.12,0,0,0.5048
5,3.12,0,0,0.3585
5,3.12,0,0,0.3664
5,3.12,11,11,0.4919
5,3.12,9,9,0.4489
5,3.12,0,11,0.5983
5,3.12,1,1,0.4562
5,3.12,0,0,0.5704
5,3.12,0,0,0.5418
5,3.12,15,15,0.4682
5,3.12,0,0,0.6999
6,3.12,0,0,0.6199
6,3.12,0,0,0.51
6,3.12,0,0,0.6726
6,3.12,15,15,0.5526
6,3.12,0,0,0.329
6,3.12,0,0,0.8885
6,3.12,1,1,0.4661
6,3.12,0,0,0.5945
6,3.12,10,10,0.4888
6,3.12,10,10,0.4725
6,3.12,9,0,0.4585
6,3.12,14,14,0.4804
6,3.12,14,14,0.3248
6,3.12,11,11,0.4364
6,3.12,0,0,0.2686
6,3.12,0,0,0.3198
6,3.12,11,0,0.2668
6,3.12,0,0,0.2575
6,3.12,0,0,0.3163
6,3.12,15,15,0.4345
7,3.12,2,2,0.4861
7,3.12,11,11,0.4311
7,3.12,11,11,0.4144
7,3.12,0,0,0.6226
7,3.12,10,10,0.6034
7,3.12,0,0,0.313
7,3.12,0,9,0.7821
7,3.12,0,0,0.3465
7,3.12,2,2,0.4881
7,3.12,9,9,0.548
7,3.12,15,15,0.658
7,3.12,0,0,0.3669
7,3.12,1,1,0.5277
7,3.12,0,0,0.344
7,3.12,0,0,0.4568
7,3.12,1,0,0.766
7,3.12,0,1,0.9604
7,3.12,15,15,1.8324
7,3.12,0,0,0.4583
7,3.12,0,0,0.2866
8,3.12,9,9,0.4378
8,3.12,0,0,0.4125
8,3.12,0,0,0.3865
8,3.12,15,15,0.4842
8,3.12,0,0,0.2973
8,3.12,10,10,0.3262
8,3.12,0,0,0.4308
8,3.12,14,14,0.4744
8,3.12,0,0,0.3219
8,3.12,0,0,0.31
8,3.12,15,0,0.2511
8,3.12,0,0,0.2906
8,3.12,0,0,0.3681
8,3.12,14,14,0.336
8,3.12,0,0,0.3146
8,3.12,15,15,0.4885
8,3.12,0,0,0.2764
8,3.12,2,0,0.5663
8,3.12,15,15,0.433
8,3.12,0,0,0.5759
9,3.12,15,15,0.5991
9,3.12,11,11,0.5797
9,3.12,14,14,0.427
9,3.12,0,0,0.3628
9,3.12,1,11,0.7652
9,3.12,0,0,0.5067
9,3.12,0,10,0.8002
9,3.12,10,10,0.6042
9,3.12,0,0,0.5121
9,3.12,0,0,0.3191
9,3.12,10,0,0.3708
9,3.12,1,1,0.4151
9,3.12,9,9,0.5659
9,3.12,11,0,0.3356
9,3.12,0,0,0.3424
9,3.12,0,0,0.3347
9,3.12,0,0,0.5883
9,3.12,0,0,0.3488
9,3.12,15,15,0.5742
9,3.12,0,0,0.283
10,3.12,0,0,0.4583
10,3.12,9,9,0.4386
10,3.12,0,0,0.3452
10,3.12,9,9,0.4086
10,3.12,15,15,1.0618
10,3.12,1,1,0.5406
10,3.12,0,0,0.4074
10,3.12,0,0,0.4504
10,3.12,15,15,0.5689
10,3.12,0,0,0.3285
10,3.12,14,14,0.4962
10,3.12,0,0,0.3629
10,3.12,0,9,0.5722
10,3.12,9,9,0.5884
10,3.12,0,0,0.5627
10,3.12,14,14,0.551
10,3.12,0,0,0.3638
10,3.12,0,0,0.4043
10,3.12,10,10,0.7125
10,3.12,10,10,0.5408
11,3.12,11,11,0.4142
11,3.12,15,15,0.5207
11,3.12,0,0,0.4023
11,3.12,0,0,0.3849
11,3.12,10,10,0.5273
11,3.12,2,2,0.5135
11,3.12,9,9,0.5106
11,3.12,0,0,0.3443
11,3.12,0,0,0.3625
11,3.12,0,0,0.2818
11,3.12,14,14,0.844
11,3.12,0,0,0.329
11,3.12,10,10,0.4897
11,3.12,0,0,0.4277
11,3.12,0,0,0.4092
11,3.12,0,0,0.285
11,3.12,0,0,0.2598
11,3.12,15,15,0.4042
11,3.12,10,0,0.4205
11,3.12,1,1,0.4665
12,3.12,0,0,0.348
12,3.12,0,0,0.3248
12,3.12,0,0,0.2522
12,3.12,1,1,0.4276
12,3.12,2,2,0.4628
12,3.12,9,9,0.4893
12,3.12,11,11,0.5177
12,3.12,2,2,0.506
12,3.12,1,1,0.5005
12,3.12,9,9,0.5927
12,3.12,0,0,0.4008
12,3.12,1,1,0.5865
12,3.12,0,11,0.9025
12,3.12,0,0,0.3787
12,3.12,1,1,0.5214
12,3.12,15,15,0.4749
12,3.12,14,14,0.6369
12,3.12,0,0,0.5265
12,3.12,0,0,0.4184
12,3.12,11,11,0.3945
9,3.12,1,1,0.4656
9,3.12,0,0,0.3079
9,3.12,2,2,0.7004
9,3.12,1,1,0.452
9,3.12,0,1,0.5367
9,3.12,0,0,0.4767
9,3.12,10,10,0.4399
9,3.12,11,11,0.502
9,3.12,0,0,0.4225
9,3.12,2,2,0.5244
9,3.12,11,11,0.422
9,3.12,0,0,0.3922
9,3.12,0,0,0.3083
9,3.12,11,11,0.5134
9,3.12,14,14,0.5321
9,3.12,0,0,0.4089
9,3.12,0,0,0.3222
9,3.12,0,0,0.4499
9,3.12,2,2,0.5066
9,3.12,0,0,0.2388
10,3.12,15,15,0.4183
10,3.12,10,10,0.4484
10,3.12,0,0,0.3529
10,3.12,1,1,0.439
10,3.12,15,15,0.5248
10,3.12,0,0,0.3725
10,3.12,0,0,0.4119
10,3.12,1,1,0.5606
10,3.12,0,0,0.351
10,3.12,10,10,0.4705
10,3.12,2,2,0.5216
10,3.12,0,0,0.3926
10,3.12,1,1,0.7047
10,3.12,14,14,0.6442
10,3.12,0,0,0.5363
10,3.12,2,0,0.3781
10,3.12,0,0,0.3486
10,3.12,9,9,0.4824
10,3.12,0,0,0.2468
10,3.12,0,0,0.6923
11,3.12,0,0,0.289
11,3.12,2,2,0.5008
11,3.12,14,0,0.3685
11,3.12,1,1,0.4972
11,3.12,0,0,0.332
11,3.12,10,10,0.4644
11,3.12,0,0,0.3386
11,3.12,0,0,0.4062
11,3.12,0,0,0.4165
11,3.12,14,14,0.514
11,3.12,1,1,0.4141
11,3.12,14,14,0.5026
11,3.12,0,0,0.3388
11,3.12,0,0,0.2983
11,3.12,9,0,0.3845
11,3.12,10,10,0.9474
11,3.12,0,0,0.3304
11,3.12,0,0,0.2865
11,3.12,11,11,0.3982
11,3.12,10,10,0.5266
12,3.12,0,0,0.3589
12,3.12,0,0,0.5926
12,3.12,15,15,0.4932
12,3.12,0,0,0.3982
12,3.12,0,0,0.3786
12,3.12,0,9,0.805
12,3.12,0,0,0.3567
12,3.12,0,0,0.6111
12,3.12,11,11,0.4286
12,3.12,9,9,0.485
12,3.12,2,2,0.5047
12,3.12,15,15,0.4647
12,3.12,2,2,0.4225
12,3.12,14,14,0.4219
12,3.12,9,9,0.483
12,3.12,0,0,0.4441
12,3.12,0,0,0.3865
12,3.12,10,10,0.433
12,3.12,0,0,0.3408
12,3.12,1,0,0.2815
9,3.12,10,10,0.4161
9,3.12,0,0,0.3026
9,3.12,0,0,0.4384
9,3.12,9,9,0.3826
9,3.12,0,0,0.3666
9,3.12,0,0,0.3931
9,3.12,11,11,0.405
9,3.12,0,0,0.6367
9,3.12,15,15,0.5029
9,3.12,10,10,0.4063
9,3.12,9,9,0.4681
9,3.12,0,0,0.4659
9,3.12,14,14,0.5765
9,3.12,0,0,0.495
9,3.12,0,0,0.4008
9,3.12,9,9,0.7749
9,3.12,1,1,0.426
9,3.12,14,14,0.5314
9,3.12,15,0,0.5044
9,3.12,9,0,0.531
10,3.12,0,0,0.3246
10,3.12,15,15,0.4867
10,3.12,0,0,0.2927
10,3.12,15,15,0.8066
10,3.12,2,2,0.4931
10,3.12,0,0,0.6548
10,3.12,0,0,0.2968
10,3.12,0,0,0.3944
10,3.12,15,15,0.5562
10,3.12,14,14,0.4017
10,3.12,0,0,0.2822
10,3.12,0,0,0.3554
10,3.12,10,10,0.6014
10,3.12,0,0,0.2991
10,3.12,1,1,0.4189
10,3.12,0,0,0.2324
10,3.12,15,15,0.4989
10,3.12,15,15,0.4604
10,3.12,0,0,0.3148
10,3.12,10,10,0.4089
11,3.12,0,0,0.34
11,3.12,10,0,0.329
11,3.12,9,9,0.5125
11,3.12,15,15,0.4919
11,3.12,0,0,0.3704
11,3.12,0,0,0.3126
11,3.12,0,0,0.365
11,3.12,0,0,0.3027
11,3.12,0,0,0.3759
11,3.12,14,14,0.638
11,3.12,2,2,1.0796
11,3.12,0,0,0.42
11,3.12,10,0,0.4202
11,3.12,11,11,0.7008
11,3.12,0,0,0.4443
11,3.12,0,0,0.3527
11,3.12,2,2,0.466
11,3.12,1,1,0.6026
11,3.12,10,10,0.6587
11,3.12,1,1,0.5094
12,3.12,0,0,0.8897
12,3.12,2,0,0.457
12,3.12,11,11,0.5039
12,3.12,0,0,0.4031
12,3.12,9,9,0.5707
12,3.12,0,0,0.3146
12,3.12,0,0,0.4346
12,3.12,14,14,0.5323
12,3.12,0,0,0.3267
12,3.12,0,0,0.5647
12,3.12,0,0,0.3364
12,3.12,1,1,0.7347
12,3.12,10,10,0.5579
12,3.12,11,11,0.5489
12,3.12,15,0,0.4951
12,3.12,0,0,0.5404
12,3.12,11,11,0.4757
12,3.12,1,1,0.4048
12,3.12,14,14,0.4303
12,3.12,1,1,0.4299
9,3.12,0,0,0.5765
9,3.12,1,1,0.4859
9,3.12,9,9,0.4254
9,3.12,0,0,0.2883
9,3.12,15,15,0.5022
9,3.12,0,0,0.3986
9,3.12,9,9,0.4158
9,3.12,1,1,0.4651
9,3.12,0,0,0.342
9,3.12,0,0,0.2824
9,3.12,0,0,0.3103
9,3.12,0,0,0.351
9,3.12,0,0,0.3282
9,3.12,0,0,0.3444
9,3.12,9,0,0.3328
9,3.12,0,0,0.5326
9,3.12,0,0,0.3561
9,3.12,1,1,0.4882
9,3.12,14,14,0.6745
9,3.12,0,0,0.4985
10,3.12,0,0,0.3324
10,3.12,0,0,0.3499
10,3.12,11,11,0.5898
10,3.12,0,0,0.2463
10,3.12,0,0,0.3989
10,3.12,0,0,0.3261
10,3.12,0,0,0.3565
10,3.12,1,1,0.4449
10,3.12,0,0,0.3383
10,3.12,0,0,0.3035
10,3.12,0,0,0.292
10,3.12,2,2,0.5625
10,3.12,11,11,0.4797
10,3.12,15,15,0.517
10,3.12,1,1,0.5062
10,3.12,0,0,0.4233
10,3.12,14,14,0.5097
10,3.12,10,10,0.5374
10,3.12,0,0,0.5542
10,3.12,11,2,0.944
11,3.12,9,9,0.4065
11,3.12,10,10,0.7583
11,3.12,2,0,0.3427
11,3.12,2,2,0.5665
11,3.12,10,10,1.5814
11,3.12,10,10,0.3624
11,3.12,9,9,0.4168
11,3.12,10,10,0.5925
11,3.12,0,0,0.3304
11,3.12,0,0,0.3862
11,3.12,0,0,0.3309
11,3.12,11,11,0.6248
11,3.12,0,0,0.4153
11,3.12,15,15,0.4821
11,3.12,10,10,0.4746
11,3.12,15,15,0.4295
11,3.12,0,0,0.3058
11,3.12,1,1,0.5657
11,3.12,15,15,0.4659
11,3.12,0,0,0.4013
12,3.12,0,0,0.4101
12,3.12,0,0,0.4496
12,3.12,0,0,0.3363
12,3.12,9,9,0.4705
12,3.12,14,14,0.4632
12,3.12,0,0,0.3811
12,3.12,0,0,0.3987
12,3.12,10,10,0.3806
12,3.12,0,0,0.4133
12,3.12,0,0,0.3688
12,3.12,0,0,0.3774
12,3.12,0,0,0.3139
12,3.12,0,0,0.3728
12,3.12,10,10,0.6362
12,3.12,11,11,0.489
12,3.12,0,0,0.3948
12,3.12,9,9,0.4282
12,3.12,2,2,0.4178
12,3.12,11,11,0.4197
12,3.12,1,1,0.4422
9,3.12,0,0,0.385
9,3.12,1,1,0.5064
9,3.12,15,15,0.3947
9,3.12,1,1,0.43
9,3.12,0,0,0.3378
9,3.12,11,11,0.819
9,3.12,2,2,0.4165
9,3.12,0,0,0.3164
9,3.12,10,10,0.6382
9,3.12,1,1,0.3907
9,3.12,10,0,0.5916
9,3.12,0,0,0.5877
9,3.12,10,10,0.7163
9,3.12,11,11,0.4886
9,3.12,0,0,0.3267
9,3.12,15,0,0.4306
9,3.12,2,2,0.4926
9,3.12,9,9,0.4859
9,3.12,14,0,0.4251
9,3.12,2,2,0.3741
10,3.12,0,0,0.3721
10,3.12,11,0,0.299
10,3.12,14,14,0.5331
10,3.12,0,0,0.378
10,3.12,0,0,0.3344
10,3.12,2,2,0.423
10,3.12,1,1,0.4351
10,3.12,0,0,0.6006
10,3.12,15,15,0.418
10,3.12,0,0,0.5382
10,3.12,15,15,0.5018
10,3.12,2,2,0.5473
10,3.12,0,0,0.3162
10,3.12,0,0,0.3163
10,3.12,11,11,0.5568
10,3.12,0,0,0.3742
10,3.12,2,2,0.3979
10,3.12,14,14,0.495
10,3.12,0,0,0.332
10,3.12,0,0,0.2946
11,3.12,14,14,0.5141
11,3.12,2,2,0.4103
11,3.12,0,0,0.4347
11,3.12,2,2,0.4837
11,3.12,1,1,0.4667
11,3.12,0,0,0.3503
11,3.12,15,15,0.4078
11,3.12,14,14,0.4442
11,3.12,0,0,0.2924
11,3.12,0,0,0.3262
11,3.12,10,10,0.5158
11,3.12,0,0,0.3408
11,3.12,2,2,0.6272
11,3.12,0,0,0.2343
11,3.12,0,0,0.3347
11,3.12,9,0,0.4646
11,3.12,0,14,1.0217
11,3.12,0,0,0.3106
11,3.12,0,1,0.566
11,3.12,15,15,0.5126
12,3.12,1,0,0.6752
12,3.12,0,0,0.3682
12,3.12,14,14,0.4626
12,3.12,0,0,0.2789
12,3.12,0,0,0.3171
12,3.12,0,0,0.4268
12,3.12,0,14,0.5054
12,3.12,0,0,0.4144
12,3.12,0,0,0.3978
12,3.12,0,0,0.4469
12,3.12,9,9,0.5811
12,3.12,14,14,0.5644
12,3.12,0,11,0.7743
12,3.12,15,15,0.8519
12,3.12,0,0,0.3825
12,3.12,14,14,0.5436
12,3.12,0,0,0.5664
12,3.12,0,0,0.3365
12,3.12,0,0,0.4863
12,3.12,0,0,0.2964
9,3.12,2,2,0.4602
9,3.12,0,0,0.3187
9,3.12,0,0,0.28
9,3.12,15,15,0.53
9,3.12,10,10,0.4626
9,3.12,9,9,0.5164
9,3.12,0,0,0.3851
9,3.12,0,0,0.5506
9,3.12,0,0,0.2566
9,3.12,0,0,0.3341
9,3.12,0,0,0.2341
9,3.12,15,15,0.6346
9,3.12,0,0,0.2424
9,3.12,9,9,0.4911
9,3.12,0,9,0.7781
9,3.12,0,0,0.3345
9,3.12,0,0,0.2706
9,3.12,2,2,0.4085
9,3.12,10,10,0.5367
9,3.12,0,0,0.2487
10,3.12,0,0,0.3061
10,3.12,0,0,0.3121
10,3.12,9,9,0.5405
10,3.12,0,0,0.3211
10,3.12,15,15,0.3532
10,3.12,0,0,0.3251
10,3.12,11,11,0.5283
10,3.12,11,11,0.4203
10,3.12,0,9,0.8347
10,3.12,11,11,0.57
10,3.12,0,0,0.6265
10,3.12,10,10,0.52
10,3.12,15,0,0.6003
10,3.12,11,11,0.5707
10,3.12,0,11,0.7404
10,3.12,9,9,0.493
10,3.12,0,0,0.6788
10,3.12,15,15,0.8207
10,3.12,1,1,0.4467
10,3.12,0,0,0.5708
11,3.12,0,0,0.47
11,3.12,0,0,0.4119
11,3.12,0,0,0.3585
11,3.12,1,1,0.4912
11,3.12,0,0,0.3184
11,3.12,0,0,0.4309
11,3.12,0,0,0.6553
11,3.12,0,0,0.4889
11,3.12,10,10,0.4672
11,3.12,14,14,0.5104
11,3.12,0,0,0.4006
11,3.12,0,0,0.3348
11,3.12,9,9,0.5504
11,3.12,10,10,0.4213
11,3.12,0,0,0.4579
11,3.12,0,0,0.3546
11,3.12,14,14,0.4985
11,3.12,0,0,0.304
11,3.12,0,0,0.5515
11,3.12,10,10,0.4855
12,3.12,0,11,0.5757
12,3.12,0,0,0.3746
12,3.12,2,0,0.3567
12,3.12,0,0,0.3466
12,3.12,0,0,0.3162
12,3.12,2,2,0.4869
12,3.12,0,0,0.3163
12,3.12,0,0,0.3662
12,3.12,9,9,0.5644
12,3.12,0,0,0.4003
12,3.12,2,2,0.68
12,3.12,0,0,0.324
12,3.12,14,14,0.4852
12,3.12,10,10,0.6069
12,3.12,0,0,0.3908
12,3.12,15,15,0.6631
12,3.12,0,0,0.332
12,3.12,15,15,0.5082
12,3.12,0,15,0.5741
12,3.12,0,0,0.3245
9,3.12,11,11,0.4981
9,3.12,0,0,0.3363
9,3.12,15,15,0.5793
9,3.12,15,15,0.4205
9,3.12,0,0,0.31
9,3.12,0,0,0.2421
9,3.12,1,1,0.5049
9,3.12,0,0,0.2924
9,3.12,0,0,0.3703
9,3.12,2,2,0.6224
9,3.12,0,0,0.2849
9,3.12,1,1,0.4511
9,3.12,2,2,0.5596
9,3.12,2,0,0.3983
9,3.12,0,0,0.4106
9,3.12,15,15,0.5744
9,3.12,15,15,0.6258
9,3.12,11,11,0.6004
9,3.12,0,0,0.2846
9,3.12,0,0,0.3343
10,3.12,9,9,0.4885
10,3.12,9,9,0.4203
10,3.12,0,0,0.3308
10,3.12,14,14,0.4758
10,3.12,0,0,0.362
10,3.12,11,11,0.5165
10,3.12,10,10,0.5501
10,3.12,0,0,0.5747
10,3.12,2,2,0.4855
10,3.12,9,9,0.5639
10,3.12,0,0,0.3946
10,3.12,0,0,0.746
10,3.12,0,0,0.5332
10,3.12,14,14,0.6016
10,3.12,0,0,0.4822
10,3.12,11,11,0.4511
10,3.12,0,0,0.5421
10,3.12,0,0,0.6549
10,3.12,0,0,0.3764
10,3.12,0,0,0.2947
11,3.12,14,14,0.452
11,3.12,0,0,0.509
11,3.12,15,0,0.2928
11,3.12,0,0,0.3326
11,3.12,0,14,0.7813
11,3.12,0,0,0.3622
11,3.12,2,2,0.4902
11,3.12,0,0,0.4288
11,3.12,0,0,0.3182
11,3.12,10,10,0.5389
11,3.12,0,0,0.2814
11,3.12,0,0,0.2908
11,3.12,1,1,0.4081
11,3.12,1,1,0.4711
11,3.12,10,0,0.7866
11,3.12,1,1,0.4687
11,3.12,1,1,0.4705
11,3.12,0,0,0.4364
11,3.12,0,0,0.5498
11,3.12,15,15,0.5461
12,3.12,2,2,0.4344
12,3.12,15,15,0.4016
12,3.12,1,1,0.4344
12,3.12,0,0,0.5013
12,3.12,0,0,0.3244
12,3.12,2,2,0.462
12,3.12,2,2,0.4952
12,3.12,0,0,0.3307
12,3.12,1,1,0.5361
12,3.12,0,0,0.5067
12,3.12,0,0,0.2887
12,3.12,0,0,0.3365
12,3.12,10,10,0.53
12,3.12,0,0,0.2829
12,3.12,0,0,0.5025
12,3.12,2,2,0.5884
12,3.12,11,0,0.6505
12,3.12,15,15,0.4358
12,3.12,14,14,0.3537
12,3.12,15,0,0.4174
9,3.12,0,0,0.3829
9,3.12,2,2,0.5067
9,3.12,0,0,0.2343
9,3.12,0,0,0.2407
9,3.12,0,0,0.2604
9,3.12,0,0,0.5018
9,3.12,9,9,0.4727
9,3.12,9,9,0.5664
9,3.12,9,0,0.3838
9,3.12,0,0,0.3342
9,3.12,10,10,0.6579
9,3.12,9,9,0.3483
9,3.12,0,0,0.3141
9,3.12,2,2,0.418
9,3.12,14,14,0.4168
9,3.12,9,0,0.2219
9,3.12,0,0,0.3057
9,3.12,15,15,0.4206
9,3.12,0,0,0.2192
9,3.12,1,1,0.441
10,3.12,0,0,0.808
10,3.12,15,15,0.4053
10,3.12,11,11,0.5045
10,3.12,0,0,0.603
10,3.12,2,2,0.3843
10,3.12,10,10,0.495
10,3.12,0,0,0.3806
10,3.12,2,2,0.5385
10,3.12,1,1,0.4247
10,3.12,10,10,0.5206
10,3.12,15,15,0.545
10,3.12,0,0,0.5401
10,3.12,10,10,0.427
10,3.12,10,10,0.7503
10,3.12,0,0,0.4231
10,3.12,0,0,0.8639
10,3.12,0,0,0.3745
10,3.12,11,11,0.3864
10,3.12,10,10,0.4521
10,3.12,2,2,0.6869
11,3.12,11,11,0.495
11,3.12,0,0,0.557
11,3.12,14,14,0.5086
11,3.12,0,0,0.4002
11,3.12,15,15,0.5166
11,3.12,15,15,0.555
11,3.12,1,1,0.4365
11,3.12,0,0,0.3899
11,3.12,0,0,0.5667
11,3.12,10,10,0.8669
11,3.12,0,0,0.3383
11,3.12,0,0,0.3446
11,3.12,14,14,0.5543
11,3.12,1,1,0.4684
11,3.12,1,1,0.7257
11,3.12,0,0,0.3605
11,3.12,15,15,0.5909
11,3.12,0,14,0.7786
11,3.12,0,0,0.32
11,3.12,0,0,0.4559
12,3.12,14,14,0.5047
12,3.12,11,11,0.4601
12,3.12,0,0,0.3338
12,3.12,0,0,0.4525
12,3.12,9,9,0.4326
12,3.12,0,0,0.3063
12,3.12,0,0,0.3281
12,3.12,0,0,0.2903
12,3.12,9,9,0.6926
12,3.12,0,0,0.872
12,3.12,14,14,0.4529
12,3.12,0,0,0.3085
12,3.12,0,0,0.328
12,3.12,0,0,0.5061
12,3.12,10,10,0.5401
12,3.12,11,11,0.4791
12,3.12,10,10,0.5566
12,3.12,0,0,0.4751
12,3.12,9,9,0.5003
12,3.12,0,0,0.8703
9,3.12,0,0,0.3304
9,3.12,0,0,0.324
9,3.12,1,1,0.3949
9,3.12,0,0,0.2723
9,3.12,0,0,0.2292
9,3.12,2,2,0.5184
9,3.12,0,0,0.3193
9,3.12,15,15,0.4646
9,3.12,0,0,0.2941
9,3.12,0,0,0.2429
9,3.12,9,9,0.4276
9,3.12,0,0,0.2472
9,3.12,0,0,0.2823
9,3.12,0,0,0.3958
9,3.12,0,0,0.5525
9,3.12,1,1,0.3657
9,3.12,0,0,0.2863
9,3.12,15,0,0.4719
9,3.12,9,9,0.6343
9,3.12,9,9,0.6255
10,3.12,0,0,0.4148
10,3.12,0,0,0.2976
10,3.12,15,15,0.658
10,3.12,0,0,0.3444
10,3.12,11,11,0.4217
10,3.12,0,0,0.4482
10,3.12,2,2,0.5009
10,3.12,10,10,0.5268
10,3.12,9,9,0.5283
10,3.12,0,0,0.3929
10,3.12,0,0,0.6505
10,3.12,2,2,0.5307
10,3.12,10,10,0.447
10,3.12,14,14,0.3609
10,3.12,0,0,0.8028
10,3.12,11,11,0.5719
10,3.12,1,1,0.5244
10,3.12,1,1,0.4936
10,3.12,0,0,0.2844
10,3.12,0,0,0.2618
11,3.12,9,9,0.6928
11,3.12,10,10,0.498
11,3.12,0,0,0.3272
11,3.12,11,11,0.4898
11,3.12,0,0,0.4349
11,3.12,11,11,0.4985
11,3.12,14,14,0.7407
11,3.12,0,0,0.309
11,3.12,0,0,0.3289
11,3.12,0,0,0.3185
11,3.12,0,0,0.6062
11,3.12,0,0,0.3446
11,3.12,0,0,0.3402
11,3.12,0,0,0.604
11,3.12,0,0,0.4862
11,3.12,2,2,0.4925
11,3.12,11,11,0.4461
11,3.12,9,0,0.3522
11,3.12,15,15,0.4536
11,3.12,14,14,0.9446
12,3.12,0,0,0.279
12,3.12,14,14,0.4637
12,3.12,0,0,0.4446
12,3.12,0,0,0.2991
12,3.12,15,15,0.4619
12,3.12,9,9,0.5679
12,3.12,0,0,0.3361
12,3.12,0,0,0.2808
12,3.12,1,1,0.3888
12,3.12,0,0,0.3364
12,3.12,0,0,0.3211
12,3.12,0,0,0.448
12,3.12,0,0,0.4302
12,3.12,9,9,0.5985
12,3.12,2,2,0.5785
12,3.12,11,11,0.53
12,3.12,0,0,0.3546
12,3.12,9,9,0.5138
12,3.12,11,11,0.4626
12,3.12,9,9,0.4887
9,3.12,0,0,0.3699
9,3.12,0,0,0.3644
9,3.12,0,0,0.2727
9,3.12,0,0,0.3967
9,3.12,0,0,0.3521
9,3.12,10,10,0.4938
9,3.12,10,10,0.7238
9,3.12,9,9,0.4043
9,3.12,2,0,0.5862
9,3.12,1,0,0.2625
9,3.12,0,0,0.3991
9,3.12,0,0,0.438
9,3.12,10,10,0.6044
9,3.12,10,10,0.693
9,3.12,0,14,0.604
9,3.12,11,0,0.6873
9,3.12,0,2,0.5263
9,3.12,9,9,0.4649
9,3.12,0,0,0.349
9,3.12,11,11,0.4288
10,3.12,0,0,0.3082
10,3.12,0,0,0.2811
10,3.12,2,2,0.6738
10,3.12,14,14,0.5131
10,3.12,0,0,0.3295
10,3.12,0,0,0.3141
10,3.12,0,0,0.2765
10,3.12,0,0,0.3382
10,3.12,0,0,0.2908
10,3.12,0,0,0.2803
10,3.12,15,15,0.4927
10,3.12,0,0,0.2925
10,3.12,9,0,0.2641
10,3.12,0,0,0.3329
10,3.12,1,1,0.5323
10,3.12,2,2,0.4645
10,3.12,0,0,0.3164
10,3.12,2,2,0.5382
10,3.12,1,1,0.449
10,3.12,9,9,0.7643
11,3.12,0,0,0.2981
11,3.12,0,0,0.5171
11,3.12,15,0,0.6216
11,3.12,0,0,0.4472
11,3.12,0,0,0.5711
11,3.12,0,0,0.4366
11,3.12,0,0,0.39
11,3.12,0,0,0.4902
11,3.12,0,0,0.4023
11,3.12,0,0,0.49
11,3.12,2,2,0.552
11,3.12,0,0,0.4948
11,3.12,15,15,0.4786
11,3.12,0,0,0.4149
11,3.12,10,10,0.5345
11,3.12,0,0,0.2933
11,3.12,0,0,0.3185
11,3.12,0,0,0.5222
11,3.12,0,0,0.4788
11,3.12,0,0,0.6222
12,3.12,0,0,0.2963
12,3.12,0,0,0.2774
12,3.12,11,11,0.5328
12,3.12,1,1,0.5138
12,3.12,10,10,0.4986
12,3.12,2,2,0.4687
12,3.12,0,0,0.4961
12,3.12,0,0,0.3084
12,3.12,1,1,0.4338
12,3.12,0,0,0.4147
12,3.12,0,0,0.3451
12,3.12,10,10,0.6303
12,3.12,1,1,0.4682
12,3.12,0,0,0.2689
12,3.12,11,11,0.5225
12,3.12,0,0,0.3088
12,3.12,0,0,0.453
12,3.12,0,0,0.3427
12,3.12,0,0,0.4365
12,3.12,0,0,0.4267
